Fecha,Total 60-64,Azteca 60-64,Banamex 60-64,Coppel 60-64,Inbursa 60-64,Invercap 60-64,PensionISSSTE 60-64,Principal 60-64,Profuturo 60-64,SURA 60-64,XXI Banorte 60-64,Total 65-69,Azteca 65-69,Banamex 65-69,Coppel 65-69,Inbursa 65-69,Invercap 65-69,PensionISSSTE 65-69,Principal 65-69,Profuturo 65-69,SURA 65-69,XXI Banorte 65-69,Total 70-74,Azteca 70-74,Banamex 70-74,Coppel 70-74,Inbursa 70-74,Invercap 70-74,PensionISSSTE 70-74,Principal 70-74,Profuturo 70-74,SURA 70-74,XXI Banorte 70-74,Total 75-79,Azteca 75-79,Banamex 75-79,Coppel 75-79,Inbursa 75-79,Invercap 75-79,PensionISSSTE 75-79,Principal 75-79,Profuturo 75-79,SURA 75-79,XXI Banorte 75-79,Total 80-84,Azteca 80-84,Banamex 80-84,Coppel 80-84,Inbursa 80-84,Invercap 80-84,PensionISSSTE 80-84,Principal 80-84,Profuturo 80-84,SURA 80-84,XXI Banorte 80-84,Total 85-89,Azteca 85-89,Banamex 85-89,Coppel 85-89,Inbursa 85-89,Invercap 85-89,PensionISSSTE 85-89,Principal 85-89,Profuturo 85-89,SURA 85-89,XXI Banorte 85-89,Total 90-94,Azteca 90-94,Banamex 90-94,Coppel 90-94,Inbursa 90-94,Invercap 90-94,PensionISSSTE 90-94,Principal 90-94,Profuturo 90-94,SURA 90-94,XXI Banorte 90-94,Total 95-99,Azteca 95-99,Banamex 95-99,Coppel 95-99,Inbursa 95-99,Invercap 95-99,PensionISSSTE 95-99,Principal 95-99,Profuturo 95-99,SURA 95-99,XXI Banorte 95-99
31/01/2021,527386.5859,12833.13598,68906.90279,20307.47673,25598.67817,21905.04674,40209.38247,41645.98084,90576.94189,75282.26189,130120.7784,698368.0143,19792.05788,97856.80249,30910.11856,30555.74402,33015.5174,40607.28739,54042.81139,122992.2846,104238.5554,164356.8352,837759.4477,26239.61855,128685.3524,42049.23141,31103.45466,44616.34369,36844.64988,64117.68797,149345.1456,136827.4584,177930.505,806430.1781,27756.19936,137340.9591,48037.29878,25250.23894,44527.41614,36205.7899,55055.65198,147099.0326,127949.6574,157207.934,712950.1531,27427.36561,143910.3495,51144.66436,16164.13216,37664.5858,44421.41962,42005.03313,111081.3717,108061.987,131069.2442,499033.6082,22499.98946,124811.376,56776.19564,8588.480052,23873.38127,39678.10368,18491.6167,50504.32448,77207.59577,76602.54525,269294.2117,18010.82463,73652.38641,55718.17357,3152.344581,8852.243068,17977.29605,4901.465651,24075.09563,39005.58589,23948.79621,70377.64837,9238.88231,17161.68262,24396.91825,185.0603998,1261.838335,3375.723233,1702.152761,7530.326967,7589.217998,2561.435525
28/02/2021,519370.1519,12811.47839,66403.2715,20131.67055,25440.0631,21610.23431,40124.27295,41174.02767,89196.20853,74520.0722,127958.8527,693780.6464,19910.76761,96147.53898,30867.48921,30680.60568,32779.68278,40606.19889,53946.00109,121882.2766,103717.4738,163242.6118,833554.8601,26386.15177,127490.1579,42025.11575,31175.57223,44243.97622,36729.92017,63990.09345,148223.4167,136236.1202,177054.3357,802977.4454,27888.86306,136011.7587,48051.0436,25359.32474,44277.94014,36132.56827,54842.06006,146301.4514,127578.6241,156533.8114,710954.0291,27575.10692,142479.9073,51085.6745,16336.77556,37504.73695,44327.0737,41780.11734,110861.5262,108085.3895,130917.7211,497874.9245,22661.54007,123541.033,56594.75395,8724.188918,23877.63254,39567.10094,18435.65659,50621.94874,77248.48116,76602.58855,269193.0715,18158.07581,73053.13126,55554.89979,3233.919127,8965.731375,17944.72702,4921.512454,24208.07354,39137.76361,24015.23746,71765.06276,9492.745741,17410.81612,24911.77369,188.2700406,1286.531745,3431.259101,1729.554332,7644.891785,7775.524214,2620.70209
31/03/2021,507791.1846,12655.46491,63604.54943,19952.81842,25138.592,21108.27904,39684.64756,40184.41904,87210.72944,73114.11054,125137.5742,685517.3649,19861.18105,93865.52363,30815.45872,30700.10739,32354.69442,40336.95265,53141.62604,120409.1133,102786.0229,161246.6849,827212.6186,26358.59584,125903.3552,42084.0597,31262.359,43784.01837,36528.11676,63280.03166,146985.1944,135281.0801,175745.8075,799575.482,27900.96199,134666.1293,48209.45901,25533.80448,44033.90681,36134.06333,54516.54478,145404.6183,127352.3967,155823.5973,711539.4378,27710.79959,141463.3289,51519.9347,16598.24643,37506.15553,44311.13074,41602.22463,111039.576,108804.5975,130983.4439,500611.1176,22861.71162,122236.0748,57435.0571,8956.522904,24023.79783,39430.55109,18349.15759,51749.35224,78612.40575,76956.48668,272712.8886,18457.78455,70872.02989,56782.76268,3366.047997,9154.821142,17906.15006,4944.529201,25561.95048,40592.62578,25074.18685,74358.80621,9863.330593,17786.46287,25666.06469,207.330025,1327.341723,3558.628379,1557.078989,8030.067323,8125.07945,2771.765214
30/04/2021,510179.4872,12813.86135,63192.56305,20039.82039,24900.05911,21174.13697,39948.43679,40488.47294,87604.73868,74306.65027,125710.7476,694655.3314,20334.89636,94566.50844,31178.78018,30677.76294,32699.30743,40659.08831,53997.65093,121960.6282,105076.4254,163504.2832,840060.9845,27075.70958,127747.2341,42618.71626,31254.34866,44220.62879,36750.22255,64362.03002,149218.4364,138357.9871,178455.6711,813180.9094,28702.84554,136722.2273,48842.64976,25588.25302,44722.8642,36470.4454,55589.86718,147902.2928,130504.7474,158134.7168,724949.6148,28490.00183,143623.0843,52162.11485,16715.46881,38432.57867,44664.39487,42471.2496,113724.6013,111810.7637,132855.3569,510455.4181,23533.39059,124031.107,58126.24615,9071.384679,24796.58073,39740.64468,18784.34434,53412.91488,80909.25594,78049.54912,278765.6099,19026.7364,71485.25887,57635.05766,3434.442411,9620.771146,18040.22569,5110.785271,26624.18278,41850.757,25937.39262,74964.03418,9850.465131,17649.97102,25447.6377,239.8152571,1330.764247,3478.647607,1507.465419,8208.487512,8338.827529,2999.968809
31/05/2021,512663.0776,12961.08595,63482.34218,20189.30674,24764.16027,21185.7056,40317.90853,40578.14197,88153.77625,74760.02408,126270.626,702722.8332,20753.7095,95454.24646,31626.8679,30654.71791,32945.30393,41121.30756,54504.31843,123672.8684,106440.3311,165549.1619,851131.6573,27739.04756,129071.1519,43305.38115,31268.7867,44609.9663,37409.60062,65071.27792,151635.7531,140100.0545,180920.6375,825287.8053,29493.55745,138080.3023,49635.96338,25628.19642,45312.53452,37276.22419,56409.54094,150566.5118,132360.0326,160524.9417,737513.0621,29301.19357,145383.1627,53071.40976,16870.41212,39127.58162,45700.05501,43112.20502,116410.9187,113773.1879,134762.9358,521521.4899,24310.25192,126008.6947,59120.71154,9231.728966,25367.7487,40836.49411,19168.49582,55322.57119,82829.62925,79325.16366,286975.9053,19808.45408,73101.52846,58903.22244,3542.118836,9995.644038,18745.46361,5289.666144,27856.95501,43166.34907,26566.50364,79845.81055,10413.31561,18770.36416,26765.01181,260.961993,1409.084387,3699.379962,1595.14472,8864.532102,8932.981399,3251.7935
30/06/2021,507630.0711,13004.83732,62387.4444,20226.77895,24384.14536,20911.33955,40152.88326,40050.24092,87490.68929,74059.98923,124961.7228,702218.2734,21074.74763,94703.26685,32005.28367,30446.50867,32844.87486,40885.44611,54300.54948,124036.0547,106351.157,165570.3844,851985.3273,28238.84126,128480.5201,43773.95495,31102.63625,44482.01366,37366.32524,64877.76826,152442.2557,140020.5487,181200.4633,827053.212,30141.44242,137750.2182,50082.85283,25530.49961,45385.8157,37304.10407,56416.01065,151588.1443,132143.8799,160710.2444,740245.7624,29935.69018,145188.0734,53423.58813,16902.61344,39465.27509,45713.97271,43097.54882,117846.5031,114041.7674,134630.7301,523838.8081,24902.29227,125810.3031,59216.49224,9296.382484,25787.82769,40858.15445,19260.14747,56509.28403,82967.09917,79230.82524,289027.2785,20342.89334,73169.6584,58953.58003,3597.036763,10333.4476,18819.03998,5367.950909,28495.94024,43338.87761,26608.85362,81016.40166,10496.32,19151.04566,26969.41286,267.7857082,1441.125747,3726.175542,1628.010569,9066.052878,9043.682553,3315.314263
31/07/2021,509276.9552,13179.20936,62477.09847,20074.23292,24262.39603,20844.17983,40443.2193,40166.16493,87889.62437,74629.09799,125311.732,709996.1746,21548.06983,95429.08037,31953.81938,30560.76517,33123.45209,41257.69378,54946.29981,125680.6231,107944.4664,167551.9046,862469.8548,28966.67537,129538.7151,43838.21132,31298.79395,44905.91222,37862.86817,65763.7031,154732.7709,142102.2718,183459.9329,838569.1537,31021.59006,138859.816,50361.31314,25776.72738,46058.77683,37966.71372,57276.17927,154382.8324,134275.0849,162590.12,752432.1494,30850.82265,146654.4913,53870.23806,17151.22688,40355.85292,46587.47795,43722.93832,120789.3838,116298.0529,136151.6646,534374.8118,25760.55983,127458.7489,59719.09326,9503.124858,26500.81743,41795.91721,19622.56542,58671.06841,85111.68808,80231.22842,296673.4842,21153.95331,74683.00406,59671.98419,3716.873429,10811.72691,19453.00955,5542.720128,29802.7282,44709.53702,27127.94741,84618.56372,10930.41297,19995.42704,27843.66976,282.8915842,1505.131805,3877.743829,1705.903433,9577.12908,9478.595392,3500.407571
31/08/2021,510978.1333,13340.26285,62239.92958,20098.63928,24175.23026,20847.94166,40787.51612,40370.85507,88134.96288,75133.8704,125848.9253,718559.7023,21988.95978,95994.2777,32230.21699,30712.75637,33352.78412,41686.28091,55756.25353,127499.2336,109448.1494,169890.7899,874938.412,29610.35862,130590.0358,44290.6061,31490.41693,45264.46883,38302.21776,66824.31434,157681.2224,144158.9335,186725.8378,851786.4972,31777.39754,140080.1362,50948.57283,25996.06613,46575.62345,38514.88102,58251.7629,157555.8653,136387.7718,165698.42,764994.3605,31588.94214,148110.1759,54523.83685,17381.88312,41012.23117,47239.45586,44426.16086,123684.0419,118315.8639,138711.7688,543142.4063,26402.71314,128626.9963,60303.79073,9644.641211,27052.42461,42452.85075,19998.79278,60350.73832,86622.59649,81686.862,301420.0451,21672.29326,75440.87798,60184.72826,3787.353098,11133.94342,19781.14793,5671.722632,30658.08904,45469.64654,27620.24291,86576.80882,11138.85625,20457.65552,28329.11277,287.6998291,1553.921729,4034.458529,1766.224359,9810.8427,9722.358702,3595.657259
30/09/2021,503468.3059,13289.47946,61033.90726,19964.49434,23901.09021,20428.45204,40463.21536,39810.02522,86730.9982,74097.92287,123748.7209,713384.244,22097.38976,94664.37894,32272.39829,30674.05974,33099.8562,41363.45212,55348.13427,126634.4131,108700.7044,168529.4572,868629.3589,29842.17106,128676.033,44364.36548,31491.99935,44807.86814,38146.47658,66220.27247,156831.449,143042.9526,185205.7713,846194.2205,32112.56017,138115.1743,51046.86047,26039.99039,46174.71462,38514.01693,57629.51287,156903.5091,135299.0388,164358.8428,760900.4041,31955.31238,146306.5838,54607.06479,17501.56505,40827.55205,47270.97926,43847.11987,123551.8153,117664.2386,137368.1729,542650.3421,26825.27811,127572.2463,60441.07523,9778.301325,27057.57334,42547.16372,19823.31045,61007.7812,86539.85083,81057.76161,303964.3086,22155.82436,75495.683,60692.83236,3894.329848,11323.3105,20010.13398,5707.818879,31301.19864,45795.37415,27587.80285,90895.59946,11775.30218,20798.55523,29636.13103,356.1383506,1647.018197,4463.308959,1867.070744,10732.25505,10132.99789,3356.437346
31/10/2021,505158.0212,13379.08532,61167.19072,20083.61938,23696.49254,20411.71098,40623.44347,40096.73599,87379.47175,74616.75767,123703.5134,722947.2165,22500.65106,96145.53908,32741.55671,30754.23504,33475.15548,41577.85232,56342.35693,128675.7776,110328.2381,170405.8542,881413.7353,30448.77206,130861.8201,44996.65217,31640.14314,45345.43037,38364.85646,67473.64387,159642.4405,145208.3075,187431.6692,860084.9858,32822.55156,140468.6898,51723.56926,26217.27391,46983.63807,38826.61789,58898.37173,160053.6323,137501.335,166589.3064,775078.8402,32660.85381,148897.1964,55267.02118,17700.70247,41863.44899,47685.89036,44946.35535,126622.1697,120071.3637,139363.8383,553086.8766,27502.6776,129822.9738,61058.36121,9915.015514,27901.0176,42925.05972,20353.87348,62893.01965,88417.09675,82297.78132,310330.0108,22755.43096,77010.21983,61369.21596,3962.483197,11779.73614,20222.01779,5917.009869,32306.19444,46928.61722,28079.08539,90356.02006,11690.43725,20605.32354,29316.49506,357.8566628,1643.197058,4424.019582,1859.035545,10780.10307,10062.21423,3355.259418
30/11/2021,504759.0639,13449.41403,60523.90578,20077.58321,23611.10753,20519.79569,41431.27598,40323.2633,87318.13811,74597.59945,122906.9808,728621.3591,22844.04605,95821.03768,32989.82177,30996.46596,34004.15428,42361.53821,57162.63384,130120.0815,111129.111,171192.4688,889314.0915,30927.93505,130810.1397,45375.30573,31872.18426,45976.63163,39237.51137,68508.61645,161791.5333,146457.3305,188356.9034,869084.1677,33421.80339,140567.0211,52207.22983,26445.59584,47749.47167,39781.49795,59914.03415,162593.8079,138962.6456,167441.0602,785300.2659,33297.67987,149305.1494,55801.69709,17985.66352,42743.18576,48892.29648,45755.04377,129351.3117,121774.653,140393.5853,562283.117,28109.57139,130709.1124,61667.60539,10137.8664,28600.06723,44153.41968,20783.4712,64868.64126,90154.05767,83099.30437,316988.2606,23382.32537,78073.31659,62146.76496,4073.78184,12206.94879,20955.68441,6103.22313,33484.81544,48082.9188,28478.48123,94235.79997,12150.08904,21501.09617,30273.04185,375.9837387,1710.20815,4624.663078,1935.139352,11367.97502,10521.70061,3530.956014
31/12/2021,508576.6871,13626.73413,60886.70747,20140.519,23663.40459,20518.16109,41957.27967,40685.54036,87806.64032,75690.11875,123601.5817,737674.8382,23276.81406,96925.96055,33214.27789,31229.5586,34236.23171,42839.88508,57880.39803,131584.7896,113250.4888,173236.4339,901428.697,31602.08186,132687.5855,45848.85119,32261.11966,46395.90347,39696.62829,69437.42683,163863.4768,148958.9931,190676.6303,881884.7523,34238.39887,142540.7028,52846.64845,26851.86199,48335.45497,40345.90414,60749.02604,164960.5177,141413.202,169603.0353,797685.1584,34185.87268,151546.4185,56537.75992,18374.73128,43386.97151,49591.24866,46367.88673,131681.8739,124127.6494,141884.7458,571949.4423,28922.50634,132721.034,62409.93171,10414.46504,29158.31202,44878.18286,21146.69716,66469.21985,91856.85556,83972.23779,323344.593,24117.51033,79469.04045,62971.77303,4205.080242,12536.39015,21429.14105,6263.258829,34398.54851,49100.40437,28853.44606,93592.89307,12113.32518,21335.14631,30049.71095,375.4720365,1707.362275,4596.777168,1914.058709,11307.42982,10387.65498,3517.54059
31/01/2022,495885.3814,13319.01428,58763.83584,19717.66897,23399.53627,20002.09897,41608.89383,39697.53007,85353.74873,74215.92802,119807.1265,730231.7656,22880.68678,94310.1683,32749.88465,31380.3184,33560.76158,46757.73637,56705.10154,130417.8982,112051.1868,169418.023,885808.2073,31049.98387,129084.5173,45217.4278,32282.85742,45147.22055,41695.82897,67599.72879,161401.1933,146742.3256,185587.1237,861891.5268,33675.98822,138334.9687,52093.31224,26889.40024,46918.587,40193.8266,58825.22086,161656.9584,138914.1561,164389.1084,778483.745,33653.41598,146846.519,55696.10913,18449.37173,42078.72815,49293.07902,44732.1373,128861.9307,121689.5575,137182.8965,560649.8476,28566.99746,129043.0894,61494.7857,10472.88409,28343.31203,44727.91481,20516.53815,65660.69627,90454.60048,81369.02918,319273.999,23936.55957,77851.26235,62325.03287,4260.522917,12272.45045,21485.25077,6130.011298,34226.20321,48624.53654,28162.16902,99021.65437,12786.81718,22536.9601,31550.73242,400.0193916,1807.281627,4884.624151,2030.478306,12075.11005,11009.57543,3739.968161
28/02/2022,489927.24,13272.0547,57368.60334,19587.86264,23190.06304,19666.02804,41335.18249,39362.86979,84309.0075,73905.48818,117930.0803,726866.4127,22971.11534,92645.2725,32802.00592,31552.97758,33374.42456,46445.4482,56619.31891,130381.0602,112378.8015,167695.988,881782.4762,31218.02108,126977.812,45292.21123,32578.4784,44704.16887,41446.82656,67420.28524,161613.2912,147073.4138,183457.9678,857715.679,33919.19838,135820.8317,52224.56431,27186.45832,46470.12164,39963.94807,58685.05442,162003.1715,139108.6108,162333.7198,774448.1581,33955.4717,143974.2619,55837.59623,18679.52355,41851.8456,48942.2041,44644.66099,129474.9835,121768.8306,135318.78,558168.8322,28877.37473,126633.8779,61494.12645,10662.26679,28225.50314,44400.51207,20499.34388,66516.85382,90610.04263,80248.9308,318803.5227,24196.39576,76597.00373,62361.36221,4357.227867,12265.51399,21391.14856,6172.089374,34745.79974,48783.60153,27933.37992,100973.7524,13138.16978,22864.12567,32216.55694,406.9572268,1842.649033,4964.983773,2063.165322,12258.81825,11279.84733,3826.503647
31/03/2022,488541.3259,13258.53943,56802.20892,19416.00627,23100.36815,19417.47141,41541.64667,39467.00434,84209.65489,74061.9277,117266.4981,734623.2186,23292.19815,93083.83724,32819.83552,31874.50284,33610.24944,46738.96998,57304.75172,132659.105,114284.3604,168955.4083,893754.6423,31868.08937,127664.5769,45444.51414,33057.41971,45028.91881,41924.12641,68339.1739,165664.9911,149907.8189,184855.0132,871455.5373,34757.63714,136652.761,52593.30752,27627.73552,46935.80195,40682.27148,59745.86837,166534.6561,142114.7493,163810.7489,789413.5814,34905.5689,145283.8875,56281.32376,19081.40927,42430.07671,49876.15266,45613.24551,134019.3938,124800.2748,137122.2484,570399.9609,29825.85977,128143.91,61985.13812,10953.93194,28694.57555,45368.71051,21075.24896,69574.79536,93180.57557,81597.21504,327627.5125,25068.60585,78024.92965,63093.519,4489.271705,12546.27934,22144.8017,6409.819567,36638.75155,50544.7933,28666.74086,104623.1606,13651.0674,23357.4302,33192.02578,448.1565508,1901.099565,5149.285331,1857.421485,12876.45903,11786.94236,4047.071867
30/04/2022,474859.1902,12916.71519,55106.51366,18964.75211,22706.21319,19036.88727,40644.63191,38274.39594,81840.17039,71726.41386,113642.4967,718274.8118,22832.29181,90582.93356,32226.92915,31571.09285,33200.56937,45756.66474,55895.65266,130164.621,111401.1322,164642.9245,870701.0682,31245.67162,123472.0416,44566.83677,32595.51724,44201.56732,41095.33388,66327.49369,162418.5074,145579.4241,179198.6746,846945.0182,34111.63943,131603.158,51616.07502,27153.20555,45761.06235,39854.45222,57839.08372,162952.5898,137723.2896,158330.4626,764273.7912,34213.47428,139309.7926,55067.47502,18737.00722,41150.76479,48775.55368,43789.39072,130501.563,120457.6729,132271.097,551985.8017,29254.12548,122738.1037,60490.81934,10723.7784,27728.68336,44355.35938,20260.31521,67945.23756,89815.56848,78673.81074,317728.5657,24567.36992,74922.1679,61532.95144,4400.667845,12160.20055,21702.90074,6197.626289,35767.24911,48784.69451,27692.73741,105474.719,13633.26131,23178.18721,32909.55028,518.3753701,1906.001512,5033.554277,1798.238031,13162.56127,12097.0238,4380.273376
31/05/2022,472816.3135,12952.92878,54940.05803,18899.4303,22350.90559,18872.40038,38410.71179,38221.69437,82309.4179,72754.11214,113104.6543,721686.1733,23136.46959,90565.00439,32334.59389,31547.09604,33258.63275,42878.3549,56571.43248,132011.0245,113750.5242,165633.0406,876937.686,31693.44946,125128.9874,44771.63409,32546.44527,44333.7417,37392.18261,66460.69188,165177.3645,148582.1211,180851.0681,853301.9341,34728.41904,133495.1943,51903.49573,25719.34855,45970.91657,37516.94776,58740.48792,165491.0771,140836.7358,158899.3113,770600.8992,33177.14457,142707.4314,52063.64943,18764.20356,41290.91708,45388.74941,43870.28981,133841.5053,124633.2938,134863.7149,558793.1486,29081.01597,120961.7347,58830.00614,10778.37568,27869.03264,44924.42713,20378.90663,70970.82593,93719.39107,81279.43271,324488.1633,24490.4868,75977.25855,59810.89029,4453.021624,12292.2668,22229.90826,6293.5173,37880.51985,51276.5211,29783.77277,112343.3993,14412.25881,24649.50306,34613.21291,564.0853353,2018.176381,5352.950897,1902.829653,14214.54888,12958.95474,4747.964195
30/06/2022,461911.5563,12755.18281,53678.27817,18757.63039,21959.74613,18493.94943,37893.58444,37253.44148,80272.36971,70789.06339,110058.3104,708896.5684,22907.16908,88761.22899,32384.95318,31107.43679,32793.17416,42304.21217,55595.01843,129768.0843,111466.5114,161808.78,857973.8835,31393.46345,121657.4599,44664.86449,31915.42461,43458.68515,36931.95464,65089.9118,162071.9115,145051.5011,175738.7068,832193.8152,34382.38661,129346.1673,51611.60767,25048.62634,44730.89901,37041.46889,57198.79499,161809.4528,137170.7257,153853.686,748607.8486,32860.19113,137411.0871,51463.80104,18239.718,39879.33367,44670.92539,42338.37215,130339.0962,120930.0197,130475.3042,542700.7815,28829.63895,116245.7357,57911.47642,10470.29821,26902.60735,44188.60688,19621.67186,69226.48771,90747.27246,78556.98596,315990.9131,24237.78497,73258.17206,58788.11454,4323.770926,11864.64778,21890.40419,6088.288258,36970.15001,49734.61537,28834.96501,113990.4261,14527.13872,25149.41929,34877.5497,578.8352139,2064.067966,5391.723725,1942.034945,14537.69362,13119.5474,4840.711261
31/07/2022,468624.675,12991.54214,54303.37066,18871.99767,21825.2643,18690.52249,38514.02045,37772.87835,81751.05686,72493.85417,111410.1679,727612.5133,23583.545,91176.42254,32894.69926,31291.82854,33602.00819,43120.55447,57107.52097,133838.9319,115218.3887,165778.6138,883589.2561,32390.50678,126112.6761,45500.81399,32074.44057,44521.52714,37867.71399,66874.51811,167347.1722,150272.0378,180627.8495,859703.8622,35555.72078,134479.5407,52747.30357,25177.20675,46039.84106,38126.40835,59036.04789,167616.355,142262.4178,158663.0202,776467.6423,34089.28237,143358.3082,52795.43768,18356.07715,41183.99735,46104.00989,43839.42269,135729.307,126068.1892,134943.6108,565566.6159,29999.23448,121921.2226,59493.4799,10581.27796,27832.6113,45746.4128,20404.33927,72667.49054,95247.99928,81672.54782,331461.3766,25356.16821,77361.96109,60655.97423,4419.637343,12333.86901,22813.62828,6383.530455,39250.9267,52657.10515,30228.57615,119058.6836,15127.93298,26258.27265,36008.16158,611.4874903,2155.741337,5611.040909,2034.95244,15357.21997,13750.46955,5110.967167
31/08/2022,460107.3622,12802.30183,53499.33916,18508.50559,21328.98471,18387.82885,38118.20244,36894.00194,80533.07308,70937.68288,109097.4418,719285.3058,23488.62149,90176.88422,32444.67751,30908.81652,33270.03339,42684.15698,56525.74945,132849.5185,113510.1977,163426.6501,871834.1703,32137.49586,124320.5382,44903.10714,31579.5204,43905.02676,37627.49918,66097.39932,165906.5155,147678.8565,177678.2114,847367.0081,35342.14226,132502.3855,51998.98536,24766.8034,45248.33491,37794.7322,58290.24831,165841.8517,139596.2289,155985.2955,764328.3456,33863.98073,140884.4062,51927.65528,18027.91754,40433.83054,45589.60893,43057.70975,134247.6338,123550.5786,132745.0242,556562.8156,29871.17834,119818.0814,58340.92096,10399.68562,27282.36001,45146.83247,20089.35583,72038.85712,93251.87118,80323.6726,326616.5166,25254.7314,76129.02548,59506.21394,4342.241651,12113.94976,22519.15634,6309.568218,38997.52626,51663.64641,29780.45717,121813.9429,15416.42308,26865.27752,36635.94916,621.8808062,2225.621234,5837.804882,2106.908572,15731.98692,14104.09367,5250.041837
30/09/2022,442530.637,12291.0831,51332.80158,17906.15805,20789.07712,17693.27867,37331.77801,35435.87374,77442.58351,68058.09216,104249.9111,696296.5179,22726.38806,86982.47947,31587.61143,30532.38193,32235.47621,41892.24262,54812.81322,128545.9278,109396.0078,157585.1893,841803.7323,31086.39153,119637.4717,43668.57601,31099.10323,42358.43394,37116.25181,63866.64746,160462.9468,141845.7722,170662.1376,816709.981,34213.43049,127073.8527,50525.57628,24367.0606,43424.62141,37355.71481,56160.92228,160167.6737,133809.3549,149611.7737,735963.9897,32791.49205,134637.821,50437.35927,17759.66285,38653.01207,45024.33422,41335.53311,129845.7104,118138.5514,127340.5133,537547.1993,29032.49859,114787.2452,56817.17227,10283.57232,26136.83856,44677.60772,19333.68494,69992.10292,89371.3169,77115.1599,317903.3205,24707.83143,73463.32133,58219.93943,4333.393768,11661.92981,22486.11754,6118.534097,38277.61018,49890.29239,28744.35049,127890.4999,16297.27831,27312.95176,38326.21934,769.8148631,2358.959659,6458.345436,2227.207057,17209.49987,14699.80236,4900.755333
31/10/2022,443815.2001,12296.24444,51595.10556,17961.64323,20656.74262,17679.95713,37515.02504,35609.09604,77840.49863,68522.23193,104138.6555,706754.8306,22890.62929,88594.854,32011.83122,30773.60977,32642.18864,42370.32855,55733.82693,130917.2683,111341.2405,159479.0534,856002.637,31354.32207,122147.0078,44317.1422,31415.14718,42869.27042,37587.98697,64972.34523,163884.8075,144480.2738,172974.3339,832377.7587,34543.06625,130039.4517,51409.80233,24676.21929,43988.42132,37929.32787,57352.65599,163982.6925,136580.8419,151875.2795,751990.0169,33167.35407,138237.2295,51459.53012,18051.1785,39311.08936,45780.31503,42286.29302,133190.0638,120921.3558,129585.6077,550215.7963,29464.20038,117990.915,58037.0972,10482.29084,26594.21333,45486.26112,19839.45513,72019.96248,91666.4472,78634.95369,326217.5965,25159.38393,75609.19902,59608.09077,4445.78404,11869.43005,22967.79802,6294.584343,39545.13238,51310.72837,29407.4656,127131.3094,16179.82337,27059.19722,37912.85776,773.5291003,2353.486791,6401.49426,2217.621961,17286.22562,14597.11747,4899.035434
30/11/2022,449987.3513,12483.02281,52375.1066,18197.91801,20584.97286,17810.63771,37959.51157,36031.26437,79008.00311,69846.3334,105690.5808,726292.3673,23476.65614,91224.86825,32757.37147,31161.77907,33282.02581,43108.91939,57101.77617,134515.47,115193.7384,164469.7627,882698.3211,32181.64812,126478.6257,45454.69429,31912.88516,43884.37522,38591.4228,66656.62338,168694.1803,149679.0517,179164.8145,860327.4867,35554.53913,134927.6248,52844.91922,25145.46765,45216.41884,39038.39446,59003.74782,168951.0437,141919.0173,157726.3138,780184.6598,34292.48489,143831.1193,53157.34505,18433.84008,40601.98478,47259.64945,43678.8644,137629.0464,126373.2666,134927.0589,573610.9338,30613.54488,123275.7274,60113.43842,10751.56653,27563.64241,47110.45531,20635.79902,74901.66007,96408.20393,82236.89582,342502.8634,26316.90122,79501.74158,62066.53068,4597.797627,12364.67575,24033.55354,6606.765903,41570.8874,54446.99503,30997.0147,132590.1764,16815.99159,28235.53828,39149.88906,812.7118853,2449.464154,6691.822583,2308.405311,18228.89631,15263.68812,5155.571141
31/12/2022,453968.6167,12612.43634,53130.06045,18391.22742,20624.47247,17913.7918,38252.57509,36151.92851,79765.30583,70567.83077,106558.988,738473.5541,23981.39544,93175.99406,33305.41761,31498.32171,33735.86565,43680.28499,57967.73933,136490.1791,117526.3548,167112.0014,896379.6623,32918.13148,128764.09,46257.53497,32271.03963,44526.26282,39066.31959,67579.94846,170700.2092,152497.0726,181799.0535,873092.6294,36404.95921,136958.9143,53832.67524,25411.67363,45798.09789,39581.26189,59811.4719,170703.5434,144566.622,160023.41,791419.6788,35186.62658,145573.3969,54238.99036,18593.60093,41011.78669,47910.70016,44158.97578,139003.2209,128845.0491,136897.3313,582392.8042,31470.83245,124741.0871,61323.73981,10836.72517,27870.03349,47709.63457,20945.57771,75777.45013,98281.75736,83435.96647,348532.771,27082.31302,80539.04265,63356.24208,4642.51758,12529.86975,24354.82316,6721.818789,42168.00195,55642.81397,31495.32804,131685.6037,16765.1096,28017.61062,38861.07171,811.6058097,2445.388118,6651.472062,2283.258456,18131.81022,15069.22994,5135.983196
31/01/2023,461216.01,12899.19086,54002.89287,18706.92362,20673.94158,18097.7776,38999.03889,36762.14715,81184.54349,71892.70307,107996.8509,767456.9323,24772.36303,96122.11556,34230.60014,32063.4971,34696.83453,48880.25626,59879.54201,141711.6746,121815.5315,173284.5175,930537.2442,34058.04059,133006.9865,47586.67174,32907.53697,45866.608,42919.51769,69955.60439,177086.7704,158144.5492,189004.9587,905551.2942,37750.80965,141788.6066,55522.36433,26026.63413,47438.0224,41199.43729,62020.46717,176805.7445,150273.7448,166725.4633,824168.0402,36645.59474,151586.293,56199.67369,19116.85433,42667.89655,49855.13663,46021.97959,144406.6741,134650.5032,143017.4344,609344.4257,32928.9745,130448.5273,63808.41927,11200.6265,29144.43399,49853.97341,21920.86114,79159.99091,103318.1196,87560.49898,367158.7132,28567.13831,84711.36981,66324.13607,4834.039034,13174.73709,25701.69813,7090.774812,44483.98358,58965.41155,33305.42482,139323.8942,17697.23741,29595.84918,40802.23191,864.6664215,2588.498694,7067.982607,2422.134044,19362.80901,15971.44149,5460.751095
28/02/2023,447229.4187,12543.65389,52324.95881,18193.29048,20109.43462,17521.41656,38417.51971,35458.09737,78639.15753,69534.64307,104487.2466,751459.6862,24287.18656,93655.79059,33629.8014,31750.90314,34008.43647,48320.35771,58537.7276,138804.1734,118697.0477,169768.2616,909902.7106,33355.2851,129392.3841,46715.85214,32515.50921,44872.32696,42412.45123,68322.24484,173667.8883,153720.009,184928.7597,885162.215,36969.98695,138074.8975,54469.62587,25688.14059,46338.8165,40716.23056,60531.76853,173484.7995,145893.4833,162994.4657,805347.0407,35863.66437,147910.3205,55088.70295,18866.19656,41668.33338,49203.12374,44862.37213,141547.6778,130504.2119,139832.4374,595488.6489,32281.30137,127363.1745,62571.23877,11053.10797,28441.66649,49174.88427,21356.59455,77663.93657,100032.267,85550.47737,359449.4407,28076.70655,82801.03862,65140.75185,4769.467636,12877.59315,25386.72273,6915.643959,43754.30124,57168.93935,32558.27561,142070.5045,18183.51716,30025.48756,41663.29358,879.6629774,2639.154043,7184.261853,2461.126007,19657.39073,16363.52126,5587.102104
31/03/2023,450454.6827,12643.88828,52831.22109,18306.54981,19978.65592,17683.48361,38493.46549,35683.09544,79599.15186,69948.50006,105286.6712,769253.4228,24816.78952,96160.1927,34345.12857,32210.45709,34904.89461,48943.15876,59807.73968,142139.9979,121843.0764,174081.9875,934086.3459,34137.43015,133160.0035,47696.89724,33036.77755,46123.70186,43315.22719,69825.96266,178203.5104,157832.2908,190754.5446,909962.5164,37872.03899,142248.2215,55643.07601,26136.51875,47755.24245,41653.75084,61942.0102,178256.0718,149979.0535,168476.5324,830013.4216,36834.21635,152670.9786,56425.89579,19228.29237,43053.15876,50433.93853,45994.68783,145866.4988,134614.6902,144891.0643,616072.5219,33292.53378,132042.0283,64352.69105,11307.44725,29476.33763,50532.67238,21968.04537,80442.20808,103694.9409,88963.61714,374346.8482,29171.99572,86463.97605,67399.28303,4920.049735,13413.61342,26287.83769,7173.937522,45811.55052,59635.62634,34068.97818,147205.2376,18893.3788,30673.30193,42924.79538,968.7178403,2722.870452,7450.943621,2215.696567,20647.79665,17099.15713,5909.155153
30/04/2023,444441.6782,12528.5151,52121.94833,18088.67388,19646.4488,17468.96899,38357.26312,35209.61484,78394.99937,68953.0159,103672.2299,769327.6282,24912.60367,95986.26719,34321.41888,32212.62102,34900.65074,48962.2784,59887.69649,142067.5548,122076.3933,174000.1437,934933.4642,34256.37375,133370.8394,47644.52794,32984.44229,46095.51467,43428.75925,69882.44478,178403.8481,158153.9211,190712.793,911454.8963,38020.2745,142599.1965,55592.57139,26096.25791,47770.11517,41794.10391,62020.1327,178724.7677,150329.9555,168507.5209,831772.2769,36993.08275,153168.3395,56417.74875,19217.37751,43030.24182,50608.18781,46080.0132,146353.6102,134982.7114,144920.9639,617740.1095,33468.28228,132554.4011,64399.83249,11311.6889,29460.94329,50704.41513,22015.56371,80819.24668,103963.9833,89041.7527,375816.2582,29403.02238,86865.41271,67523.09872,4932.451404,13403.76117,26386.60321,7195.186209,46157.28114,59833.90535,34115.53591,148403.3839,18868.73479,30437.91754,42559.49069,1120.50012,2729.891318,7283.482409,2145.097311,21106.57036,17548.98806,6395.664776
31/05/2023,440922.353,12483.77694,51889.89541,17954.72047,19331.81697,17285.9,38332.95594,34769.81067,77890.58886,68478.47187,102504.4159,773336.4677,25103.70914,96692.99131,34481.55109,32554.2362,35124.10767,49191.12861,60138.87366,142751.3571,122533.4343,174765.0786,939747.0923,34517.9155,134092.0971,47849.07376,33428.87089,46377.2607,43841.51881,70190.55511,179216.0746,158582.5882,191651.1376,917220.9331,38341.85762,143575.316,55853.50858,26535.28515,48119.28305,42347.71516,62363.2426,179862.7885,150714.39,169507.5465,838696.2118,37396.0467,154686.1432,56756.47363,19545.39272,43408.5145,51393.03967,46391.52996,147506.3002,135574.8536,146037.9176,625496.1411,34009.44439,134463.2041,65030.39972,11530.14548,29786.56565,51601.30794,22238.86028,81933.26848,104882.4541,90020.49095,383579.7241,30133.5491,88805.13188,68649.59949,5068.554264,13626.25783,27059.71552,7320.035613,47355.96654,60830.60139,34730.31242,158067.6467,19946.88452,32370.06995,44762.71173,1219.30501,2890.55499,7745.644837,2269.863446,22793.46472,18799.37957,6932.53246
30/06/2023,438290.0221,12443.51606,51600.64191,17885.48743,18978.4475,17122.0921,38495.07348,34570.62917,77565.56697,68168.66134,101459.9061,781659.8366,25402.61833,97779.46283,34821.78781,32686.35542,35536.92445,49637.58599,60823.27749,144523.6493,124112.6991,176335.4759,950712.9145,34967.67643,135781.629,48324.9202,33524.89486,46902.21441,44374.66831,71064.851,181743.2083,160577.3652,193451.4868,928608.3828,38889.29387,145481.3195,56348.42865,26634.41771,48727.9249,42904.35602,63190.24057,182559.5019,152680.0981,171192.8015,849635.4877,37980.80126,156761.8344,57293.06791,19639.41554,44022.16532,52107.38288,47086.51146,149771.8051,137455.9586,147516.5451,634080.6642,34603.57316,136347.3575,65627.13505,11586.77249,30201.48189,52326.31167,22596.26125,83379.74055,106437.2707,90974.76002,389301.9663,30707.47138,90150.3506,69358.20565,5116.314618,13848.34547,27474.03639,7454.389355,48237.50486,61813.62234,35141.72563,160385.0205,20105.88086,33026.5669,45104.55898,1251.187776,2956.283709,7801.748575,2316.630983,23311.63721,19032.34916,7067.953037
31/07/2023,436002.7848,12229.1603,51436.47284,17720.88196,18387.48231,17076.58624,38678.79398,34115.48602,77302.76224,68355.95549,100699.2034,790830.2916,25318.16275,99162.70187,34915.96216,32297.46222,35855.84118,50293.74912,61891.0641,147547.4157,126205.7466,177342.1859,963974.3718,35110.81076,137920.3912,48653.99063,33073.91638,47111.46653,44881.85226,72259.22646,187506.3085,163221.5514,194234.8577,943882.893,39186.13942,147659.4466,56863.08969,26293.93711,49043.19755,43742.30972,64364.7272,188569.5005,155786.2259,172374.3193,866056.1496,38399.55934,159017.1843,57962.18681,19475.74175,44360.19117,53161.74067,48004.5078,155664.3463,140830.5583,149180.1332,649074.2142,35104.32509,138656.2388,66299.23219,11560.79299,30554.82888,53312.68364,23368.88322,87866.56715,109919.9296,92430.73263,401618.4838,31258.36316,92366.23351,70272.02399,5219.48682,14170.58449,28168.1751,7828.302346,51421.72274,64709.5027,36204.08899,167516.0806,20937.39339,34482.72854,46566.69581,1321.767672,3087.583888,8119.097464,2427.471187,24625.77283,19947.61934,7462.555388
31/08/2023,422480.3356,11938.11438,49861.83371,17211.86356,17843.02499,16562.99403,38352.49404,32674.2748,74755.3088,66255.64785,97024.77946,778822.1946,25001.91729,97623.8456,34435.77955,32057.32251,35281.12265,49917.37153,60586.27315,145494.0636,124464.3011,173960.1976,947066.0433,34741.32768,135416.8018,47917.74791,32700.18884,46192.32211,44505.42082,70537.70228,184610.5304,160268.5688,190175.4327,926480.073,38792.66983,144695.2732,56023.39174,25991.63283,47948.54235,43282.90531,62825.52566,185661.516,152716.1438,168542.4722,849710.7469,38118.43494,155538.1183,57055.50854,19233.34898,43336.35546,52666.71781,46784.0657,153349.8378,137791.7454,145836.614,637046.5452,34868.75468,135476.0865,65183.23965,11419.8221,29801.34364,52791.60986,22758.48492,86889.62318,107516.4055,90341.1752,394857.0179,31082.08114,90270.61369,69084.62372,5231.291679,13889.7901,27899.70336,7665.991024,50987.70768,63332.77542,35412.44013,171392.7423,21336.67006,35279.85577,47378.56712,1344.233461,3187.670128,8447.221751,2513.306823,25226.72312,20460.61705,7665.619192
30/09/2023,412001.8503,11832.36476,48711.84791,16795.68158,17556.51189,16104.82946,37930.24145,31667.2011,73134.52975,64249.73815,94018.90427,770686.5991,25077.85659,96654.55207,34085.38757,32126.7546,34946.27164,49460.64747,59827.427,144391.7459,122948.754,171167.2023,935191.6525,34818.65414,133324.3444,47431.31493,32687.41276,45651.96187,44073.82154,69427.00626,183196.7616,157914.6688,186665.7062,914970.7395,38950.44043,142313.0038,55462.9178,25990.30496,47231.84953,42693.87188,61862.37059,184379.7888,150627.8238,165458.3679,840412.142,38579.89144,153328.6113,56461.28686,19279.35472,42641.04942,51637.45326,46027.90168,152687.6503,136149.2941,143619.6489,632515.2872,35589.89022,134122.5871,64482.5153,11540.05887,29378.32248,51462.83634,22472.2754,87308.99156,106810.5965,89347.21337,395039.1149,31774.87151,90014.8966,68541.65187,5349.329215,13791.44092,27403.47215,7636.632371,51890.12518,63415.49049,35221.20456,179942.4842,22555.79315,35867.7478,49564.4687,1664.001988,3378.645531,9345.135224,2656.809492,27595.96041,21324.80355,7155.623765
31/10/2023,403918.2807,11617.81171,47692.43939,16607.1771,17151.25328,15796.51432,37766.47469,30858.55678,71787.72198,63154.75155,91485.57992,764401.8083,24962.056,95859.03284,34058.50128,32084.49279,34692.54118,49295.04672,59297.99373,142836.9547,122108.9645,169206.2246,925696.7107,34578.67472,132035.1689,47342.6993,32475.19818,45218.26261,43933.24108,68567.03942,181142.2535,156380.3179,184023.8551,904875.1881,38728.7949,140673.7364,55445.88367,25847.37221,46646.0404,42167.01472,61167.46359,182301.5883,148937.0258,162960.2682,830767.2959,38408.17936,151102.0584,56859.65618,19227.92879,42003.13941,50549.83642,45330.28721,151139.4778,134495.9754,141650.7569,626530.7099,35489.76605,132023.3055,64990.53989,11730.05033,28900.40025,49994.54675,22126.86754,87221.60665,105643.7508,88409.87613,394421.0787,31751.87483,88858.09164,68376.47745,5544.742196,13598.37876,27809.4094,7553.012259,53187.15875,63243.61321,34498.32022,178874.2999,22393.23292,35534.51381,49029.8987,1672.030539,3370.806958,9262.87237,2645.375542,27718.99252,21175.83997,7153.112529
30/11/2023,417883.5844,11989.07985,49725.85998,17149.02073,17228.19406,16380.47621,38987.07642,31554.66219,74613.04962,65542.56928,94713.59607,806007.6711,26124.83918,101704.7166,35655.61981,33063.11727,36463.91815,51273.13111,62210.1278,151404.8432,129329.5278,178777.8302,979789.9181,36356.78317,140795.3582,49675.62739,33596.61604,47696.10145,45794.00519,72253.56221,192721.8519,165685.8953,195214.1172,960873.4974,40847.10414,150507.3704,58326.39455,26895.05031,49465.2595,44289.88674,64606.19002,194399.8842,158045.5806,173490.7769,885491.3979,40719.50952,162092.9687,60123.24796,20072.99767,44712.285,53045.7908,48011.44333,161899.8446,143554.7975,151258.5127,670783.255,37823.2717,142203.1157,68925.26237,12312.08566,30863.40196,52623.38839,23569.25709,94178.11637,113396.6369,94888.71889,425468.2028,34057.89768,96254.98058,72695.21591,5925.221761,14621.2322,29667.97805,8133.733078,58101.02544,68577.67258,37433.24547,186554.9493,23273.70379,37079.30124,50629.65992,1756.72653,3508.271575,9682.97338,2753.669948,29230.59385,22142.82496,7527.681932
31/12/2023,423393.5797,12063.05986,50585.03115,17417.52789,17267.62594,16493.60329,39610.78493,31850.10766,75768.59941,66494.89654,95842.34299,828222.5715,26585.43612,104901.2802,36692.67748,33611.2279,37467.37325,52397.19131,63750.74954,156026.9116,133157.2048,183632.5193,1009042.672,37165.57531,145673.4376,51207.06312,34189.08439,49023.92165,46806.77822,74275.86178,199446.4491,170625.3762,200629.1246,991360.8964,41914.77964,155817.0065,60184.20488,27443.13302,50969.71798,45412.97729,66521.62791,201615.6116,162907.7653,178574.0723,915058.2033,41900.46939,167874.7097,62169.83604,20523.13931,46173.93658,54446.26032,49537.74196,168195.1041,148350.1159,155886.8901,693894.2375,39023.45598,147279.2648,71222.41249,12607.15845,31901.29937,54071.46005,24381.57536,98133.25589,117362.6626,97911.69246,440856.0289,35220.27375,99649.90806,75213.95479,6119.617895,15140.5841,30532.11278,8441.206074,60674.20518,71115.62066,38748.5456,185282.2115,23203.28199,36793.11561,50256.15377,1754.33568,3502.433628,9624.586743,2723.672556,29074.91334,21860.72713,7499.08145
31/01/2024,419079.0266,11927.01207,50280.85019,17302.68282,17048.28977,16492.35956,39717.85286,31353.55975,75003.46207,65561.96397,94390.99356,841342.6628,26716.91126,106518.2049,37089.50498,33907.15769,37877.43383,56252.4379,64550.79287,158993.3911,134065.0334,185371.7949,1022611.196,37428.1761,147299.7006,51675.63522,34341.84496,49416.60537,50511.57624,74935.75258,203170.3647,171418.9843,202412.5562,1002060.797,42303.50304,157473.1293,60752.95472,27518.22268,51329.8815,46490.17434,67129.29087,205128.0473,163673.3916,180262.2016,926035.0093,42413.83755,169948.573,62773.56291,20614.74335,46443.23876,55191.0493,49970.29205,171564.761,149342.2412,157772.7101,704709.4051,39697.23459,149528.8423,72028.33258,12724.12144,32167.16688,54941.66335,24668.82216,100863.1057,118582.4782,99507.63797,450690.0461,36042.74023,101765.5024,76404.98239,6304.742017,15356.63815,31186.50658,8604.811904,62958.46893,72410.54336,39655.11013,196029.3192,24493.36747,38865.68042,52766.51289,1869.029443,3707.405301,10227.27166,2889.335636,31048.85761,23169.55317,7973.277108
29/02/2024,413882.2654,11720.23173,49731.32731,17049.8526,16581.9106,16364.30416,39629.84404,30882.52278,73869.01942,64913.39449,93139.85824,846339.5199,26726.07631,107347.0232,37130.08966,33788.05398,37951.10184,56419.19,65044.56857,159364.1781,135468.9145,187100.3237,1029655.375,37478.05324,148543.2162,51748.2331,34132.20447,49616.11161,50755.84979,75461.00789,204318.7092,173075.3599,204526.6295,1009391.211,42403.47962,158808.8639,60882.13163,27321.52351,51462.71381,46753.35229,67674.75261,206465.0475,165355.6657,182263.6801,933027.065,42525.14761,171297.4638,62854.04247,20473.90555,46562.36292,55519.03506,50333.25497,172951.8807,150874.7306,159635.2413,710154.7569,39859.06617,150702.0086,72072.08306,12640.21662,32302.4374,55214.74933,24827.22336,101925.461,119823.3346,100788.1767,454185.2497,36198.68934,102581.7286,76470.33421,6321.293639,15459.23322,31345.60883,8678.294885,63695.82435,73206.2353,40228.0073,199893.8118,25166.38939,39429.88751,53880.06035,1901.445417,3779.956974,10395.52609,2935.848698,31521.22843,23738.33796,8157.763013
31/03/2024,405906.3443,11631.20479,48776.92033,16811.84611,16056.57378,16160.0966,39484.2019,30169.90121,72159.5078,63772.90708,90883.18475,849444.2511,26877.30297,107682.6307,37346.63885,33798.69001,38103.75331,56484.77996,65260.71418,159573.9181,136369.8912,187945.9317,1036501.64,37761.26153,149558.709,52076.19256,34128.22061,49835.50306,50990.37985,75885.75332,205820.933,174241.7467,206202.9402,1018406.007,42793.56712,160140.1826,61356.10752,27415.15151,51833.3352,46992.32827,68235.49831,208716.1807,166780.3965,184143.2594,944152.4532,43022.08255,173293.2226,63476.53916,20603.5972,47059.41438,55891.88347,50824.79696,175453.1675,152731.7481,161796.0013,721536.3594,40544.27128,153071.5577,73044.43325,12821.08265,32776.69263,55576.08596,25163.47831,104085.6157,121850.2582,102602.8837,464965.9365,37098.16099,104957.962,77979.84486,6494.434963,15804.11574,31561.82372,8868.5984,65772.17399,75096.47581,41332.34604,207118.4033,26148.85357,40280.60634,55511.46745,2093.942959,3899.860708,10781.41087,2643.078762,33109.37467,24805.51492,8627.994701
30/04/2024,392310.9461,11200.43709,47169.24577,16488.32364,15570.12237,15549.06517,39065.50008,28956.48124,69403.81422,61431.38783,87476.56864,836396.615,26267.75114,105950.9144,36943.425,33691.70763,37468.9664,56091.28939,64175.64089,156687.5532,134257.4105,184861.9564,1019617.821,36942.03274,146639.0614,51482.80555,33962.25517,48877.67519,50792.22006,74428.35265,202732.8676,171218.9285,202541.622,1002121.65,41914.92107,156894.1344,60679.47719,27294.49084,50782.87986,46992.05495,66971.88182,205663.5673,163993.3001,180934.9428,929609.3671,42183.76437,169637.008,62741.21781,20542.49879,46152.46141,55911.11151,49799.94827,173284.0496,150206.6525,159150.6548,710782.5438,39789.93143,149679.9762,72177.90576,12819.01044,32154.77377,55706.59232,24641.57703,103043.0891,119776.5955,100993.0924,458412.33,36467.98067,102611.8506,77038.59993,6539.47861,15559.29502,31778.34059,8709.845405,65233.76006,73780.16318,40693.01587,208804.2003,26114.74571,39971.49629,55039.04587,2422.029655,3909.91642,10539.09685,2558.861727,33845.03237,25458.07853,9338.350469
31/05/2024,392890.7446,11166.66116,47377.62086,16501.28674,15366.14364,15548.76415,39212.94961,28859.50268,69952.58806,61413.49686,87491.73084,853556.7692,26601.94691,108564.4989,37357.12637,34086.93021,38272.85133,56839.12626,65463.63087,160167.941,137274.0606,188928.6567,1040530.552,37472.39795,149891.0566,52070.35422,34365.25385,49893.20668,51677.35364,75889.44823,207500.3253,174783.9287,206987.2267,1023958.173,42622.06046,160609.8483,61438.20803,27662.48626,51870.18241,47985.99699,68367.38643,210690.2419,167405.3796,185306.3824,952179.0271,43057.35342,173864.0461,63666.70771,20877.19966,47217.39005,57210.6778,50846.18255,178186.273,153827.1096,163426.0873,731170.7619,40839.95424,154140.6875,73534.08151,13077.03524,33023.65941,57043.67146,25298.61845,106733.5332,123253.9591,104225.5617,475467.6269,37731.39884,106537.3883,79112.52772,6767.433794,16105.2465,32776.02433,9016.789452,68387.46149,76629.64849,42403.70799,222401.8598,27606.92876,42508.82569,57888.30892,2635.602479,4140.028705,11207.8394,2707.693804,36550.01917,27272.00451,10122.23436
30/06/2024,388609.848,11051.04316,47120.00009,16162.9502,15158.88677,15342.35587,39429.58184,28365.71439,69160.64895,60568.34718,86250.31952,866219.0322,26900.00178,110713.7145,37681.9879,34387.84557,38866.38729,57300.87996,66405.99488,162942.325,139399.6236,191620.2717,1057059.619,37962.82035,153171.2082,52589.75386,34532.89205,50588.19819,52220.40605,76928.80979,211796.2691,177364.0054,209905.2559,1041631.695,43222.09535,164153.1734,62081.78955,27754.3667,52563.52578,48510.2803,69509.00698,215539.2204,170096.1341,188202.102,969391.7606,43689.29868,177753.093,64290.9022,20941.71411,47834.52977,57853.30369,51600.33836,182754.4009,156543.6801,166130.4998,744749.4233,41454.38306,157567.5124,74208.64807,13123.24538,33484.64006,57654.88872,25709.72524,109839.0293,125569.975,106137.3761,484471.1084,38304.73627,109009.979,79808.12936,6808.370396,16360.77601,33034.6164,9176.122484,70527.21375,78230.16828,43210.99644,225662.4146,27826.98321,43370.9466,58330.39472,2704.519031,4234.169375,11289.02072,2763.482257,37380.92465,27609.97033,10319.9628
31/07/2024,386425.9264,11020.37878,46933.36153,16003.22311,15015.20967,15169.60354,39562.30315,27983.99118,69127.66496,60484.18993,85126.00058,881225.1142,27247.2134,112704.1793,38170.91654,35048.61757,39587.12272,58175.50181,67576.15504,166222.3101,142462.0336,194031.0641,1076025.137,38494.96309,156068.6048,53374.56554,35161.64897,51555.92182,53179.76819,78033.85881,216745.8571,181033.6515,212376.297,1061656.08,43917.86902,167306.5835,63078.97175,28313.63249,53620.40733,49588.15211,70571.38949,220998.0266,173731.8558,190529.1915,990104.1168,44510.23632,181395.9651,65371.1884,21423.96012,48880.56674,59209.10476,52437.01106,188082.9602,160241.9528,168551.1713,763839.0097,42427.29272,161474.2712,75709.44056,13502.76914,34282.68859,59143.14449,26258.08127,113903.9016,129047.3338,108090.0863,500975.8842,39491.8393,112541.8422,81944.68408,7083.598699,16875.60072,34134.41937,9457.139903,73917.76167,81090.07332,44438.92486,235695.847,28977.8149,45283.1983,60221.26828,2857.0818,4422.225479,11748.22011,2895.702252,39488.18138,28937.74035,10896.12418
31/08/2024,390438.0837,11096.6922,47210.53034,16074.48866,15049.53871,15231.2745,40610.23414,28526.64828,69395.20317,61450.78366,85792.69007,911001.425,27991.77411,116440.3193,39620.64621,35844.71009,40815.10379,59993.62296,70151.252,171171.0786,148705.2182,200267.6998,1115654.495,39509.53955,161825.6725,55352.30643,35943.19858,53283.56553,54928.40771,81256.27209,224869.4116,189030.5878,219655.5334,1103821.583,45158.64105,173793.4939,65475.3982,28978.67744,55568.37301,51362.8741,73636.99722,230134.3055,182139.8492,197572.9736,1030519.75,45842.08802,188690.7035,67810.40277,21919.2679,50732.0655,61267.81208,54876.25269,196171.8368,168283.9339,174925.3865,795240.0257,43675.86706,168025.9124,78481.05621,13826.44898,35596.44232,61132.12372,27447.97352,118992.4468,135688.6178,112373.1369,521432.9306,40689.44705,117090.0877,84962.33631,7249.131012,17533.52691,35281.00643,9892.862146,77339.83513,85167.95956,46226.7383,241150.3266,29530.42263,46329.99686,61271.20149,2905.642979,4565.57508,12223.01135,2998.094588,40451.82359,29681.93916,11192.61892
30/09/2024,390760.6218,11085.29229,47470.29244,14165.4329,15393.9443,15161.9199,42144.39014,27876.8087,70949.4629,62767.51875,83745.55944,937931.1645,28657.20149,120282.7106,38274.04267,37267.27065,41938.84371,62920.46814,71385.27954,177751.4782,155892.8951,203560.9744,1150203.81,40554.96878,166123.8099,53474.56728,37448.37452,54905.42656,57975.56376,83292.37696,233659.9803,197422.6808,225346.0616,1139717.582,46489.83193,178345.659,63868.95009,30420.53783,57180.7336,53084.25781,76399.93421,239195.2254,190429.1058,204303.346,1066271.294,47313.14425,192392.1635,69597.00852,23048.30882,52361.97673,63521.52562,56545.77801,204018.9885,175698.5412,181773.8586,825214.0756,45143.92965,170424.7517,80406.13297,15246.26962,36825.54192,63515.04071,28347.92149,125089.8131,142460.7219,117753.9525,543587.4811,42377.38023,117806.2375,87737.91164,8269.455558,18318.78765,39198.65931,10320.77935,82679.27356,90795.66121,46083.33506,253179.8504,31217.71593,47102.02484,64098.06655,3596.84224,4839.101671,13522.27954,3169.277258,44250.96819,30935.60276,10447.97138
31/10/2024,378350.0738,10697.51908,46214.04699,13719.79302,14745.44672,14583.74521,41782.18276,26848.71398,68502.54554,60506.17413,80749.90641,929749.9752,28143.39601,119526.567,38013.59362,37153.75409,41470.2418,62524.76232,71015.44621,176020.8672,154778.952,201102.3949,1138655.643,39867.16802,164088.1518,53146.73003,37226.86924,54272.96711,57390.77405,82609.4727,232144.8654,195369.7541,222538.8902,1128254.993,45720.07892,175920.4435,63506.8083,30184.21912,56433.80599,52609.32704,75822.33941,237713.6476,188464.7867,201879.5363,1055465.627,46584.70053,189610.7585,68959.68578,22890.00165,51708.13926,62909.24994,56161.36139,203024.1531,173916.7567,179700.8205,817120.2764,44514.1842,167981.0687,79591.71567,15179.86311,36370.58929,62837.16441,28130.93332,124941.4682,140980.7207,116592.5687,539096.4501,41854.66859,116361.1938,86846.03581,8286.723445,18167.47437,38812.06805,10273.52179,82751.98319,90009.56555,45733.21555,251676.9104,30992.72897,46664.41734,63406.74665,3614.196446,4827.874789,13403.24635,3155.637832,44448.25394,30719.50333,10444.30471
30/11/2024,373641.1232,10611.30831,45644.91127,13501.30386,14390.22137,14303.0128,42136.49707,26238.31103,67333.76717,59742.23818,79739.55216,942083.038,28412.17426,121168.232,38390.51535,37432.62567,41964.54774,63272.4004,72015.16081,177871.1759,157557.5363,203998.6696,1156270.841,40256.84946,166623.6861,53771.47022,37436.53851,54960.7387,58419.60073,83675.87001,235765.337,198988.758,226371.9924,1148078.07,46234.70241,178812.3668,64306.85401,30358.83681,57279.97524,53733.21035,76956.61445,242002.9311,192282.8733,206109.7055,1076867.347,47201.20942,193236.6057,69798.66492,23082.08165,52561.15373,64343.37348,57176.51332,207503.1478,177958.4879,184006.109,836947.6235,45314.04484,171995.7422,80815.99141,15392.84533,37099.94018,64392.32428,28777.39549,128549.7771,144822.005,119787.5576,555736.5867,42874.78813,119995.269,88638.2768,8493.650244,18666.55942,39969.39857,10593.24429,86010.98873,93139.98072,47354.43078,262483.6172,32211.32011,48693.05366,65475.59968,3797.272017,5024.759977,14011.12661,3284.820975,46872.15299,32122.29532,10991.21586
31/12/2024,365030.6396,10405.04974,44738.99668,13266.3047,14019.58421,13951.34911,41813.3141,25590.17313,65500.52325,58154.21001,77591.13463,935747.3037,28109.39453,120672.057,38132.6694,37348.37798,41647.10347,62884.04294,71636.89236,176007.7543,156796.1893,202512.8224,1145411.406,39857.29792,165150.4361,53417.32862,37194.33617,54446.85129,57901.82924,82834.12351,233321.8164,197172.7472,224114.6394,1136361.159,45851.86876,176966.6477,63894.48264,30130.77375,56648.63896,53297.82405,76074.40892,239292.4735,190267.3094,203936.731,1065394.953,46856.42247,191059.8681,69313.89326,22918.72522,51935.58052,63845.38293,56436.6111,205257.4547,175828.995,181942.0197,828219.3064,45026.81927,170010.4933,80193.4982,15297.15123,36679.60528,63836.52217,28392.24602,127379.6824,142919.1514,118484.1371,550479.928,42646.14201,118734.2896,87979.62602,8468.565421,18503.62215,39632.50934,10474.05891,85287.09467,91850.82884,46903.19109,260692.8697,32113.85478,48317.23071,64992.57176,3792.104049,5016.398515,13926.64197,3249.037434,46622.51452,31713.05982,10949.45611
31/01/2025,366700.888,10456.67311,44866.33896,13302.08885,13868.19484,13918.68871,42811.59562,25534.71486,66112.87443,58379.48357,77450.23506,966917.014,28798.43529,124604.2521,39116.76797,38089.86377,42839.72611,67499.84329,74045.87644,182192.9944,161846.4294,207882.8252,1185163.904,40884.61783,170839.182,54848.79984,37948.73573,56002.7772,62524.02676,85533.04153,242268.7591,203552.3857,230761.5784,1175038.785,47139.61235,183280.9945,65653.63353,30812.4559,58463.9352,55767.26357,78666.59722,248282.7441,196614.0039,210357.5447,1103934.123,48321.64914,198248.5329,71366.68143,23528.90799,53790.08449,66244.39524,58543.38328,213487.2456,182182.2162,188221.0264,861660.0883,46624.68073,177001.983,82783.17743,15767.08808,38142.26068,66444.34627,29572.38097,133391.4145,148785.3417,123147.4149,576241.2185,44453.53555,124288.6827,91238.29924,8836.101944,19375.60062,41512.33855,11000.9673,90053.21196,96344.62275,49137.85785,275814.0964,33899.36157,51038.95162,68239.03379,4040.021644,5309.971414,14798.71858,3446.655002,49787.79466,33611.75597,11641.83218
28/02/2025,364940.5934,10410.35152,44697.69774,13194.78899,13783.7483,13716.77394,43041.23342,25187.85134,65911.49051,58181.43516,76815.22244,981420.8638,29170.14902,126312.6737,39512.72383,38637.54087,43256.36446,68406.57937,75226.61579,184782.2495,165445.1874,210670.7798,1202985.2,41558.86995,173263.7814,55442.74427,38524.75059,56661.30747,63380.54908,86629.54441,245885.9328,207815.1577,233822.562,1192048.932,47937.13741,185885.6937,66421.78746,31335.67272,59055.17213,56629.98451,79494.38173,251633.6303,200465.0325,213190.4399,1119518.212,49219.5978,200684.5368,72381.28072,23899.11561,54312.50733,67436.53753,59095.18492,216194.9188,185740.2782,190554.2542,874331.4738,47589.14386,179107.2917,83915.06586,16028.46148,38529.62963,67561.98979,29955.94896,135336.4772,151554.3006,124753.1647,585596.6393,45516.73869,125839.2548,92600.44007,8997.406746,19608.56913,42210.24634,11154.39411,91355.99735,98418.90643,49894.68558,281251.4541,34830.83878,51779.87621,69679.10248,4110.090758,5413.884334,15042.18039,3502.139894,50545.25574,34436.88434,11911.20122
31/03/2025,362642.1199,10430.63875,44446.72244,13129.49856,13688.10853,13563.43916,42921.39576,24922.61061,65579.22274,57794.32536,76166.15803,990384.0483,29420.28706,127378.6707,39638.13414,39174.72976,43556.68319,68747.00165,75999.69859,186545.0317,167986.4694,211937.342,1214752.98,42046.52006,174650.5324,55750.06821,39176.48975,57107.31069,64054.59479,87313.78849,248738.2491,210491.2664,235424.1605,1203599.928,48607.51701,187433.3409,66889.04178,31984.21116,59418.18015,57309.13571,80122.85973,254521.3221,202831.0,214483.3195,1132000.287,50042.863,201966.8439,73098.77868,24491.25369,54721.8983,68410.64791,59607.64344,219331.8342,188348.4996,191980.0246,887448.5604,48580.15245,180275.7773,84872.18592,16620.17091,38885.79273,68596.92684,30383.6361,138454.3201,154512.686,126266.9119,598523.9912,46719.36576,127992.8056,94042.97836,9402.789271,19922.91001,43052.01228,11399.12063,94178.62837,100810.8436,51002.53731,291416.4855,36190.59091,52897.052,71788.88079,4526.185988,5585.617755,15600.55025,3152.89803,53091.8969,35985.02346,12597.78947
30/04/2025,352131.4401,10179.96483,43199.89297,12743.35212,13453.08193,13111.98513,42578.39328,23841.52634,63657.08353,56009.57161,73356.58837,983552.9134,29099.82447,126357.4353,39122.12054,39151.80296,43244.86124,68605.77167,75254.79778,185223.8109,167669.2004,209823.2882,1208695.43,41717.12638,173727.886,55122.88707,39264.14907,56597.06373,64080.41127,86437.48304,247959.9914,210206.0851,233582.3466,1197396.606,48220.6039,186234.7939,66219.60691,32060.75667,58793.92693,57303.79741,79321.04403,254140.6708,202307.4441,212793.9616,1126305.425,49746.94114,200481.5332,72453.26374,24645.01912,54193.00085,68430.58467,58915.45378,219154.6715,187748.0418,190536.9152,883762.748,48299.98842,178867.9215,84045.74124,16849.30333,38521.60052,68652.48983,30058.00649,138847.4269,154157.7457,125462.5242,597078.7431,46516.0197,127010.5064,93047.46659,9855.289258,19793.6646,42803.44401,11300.86634,94731.7235,100816.6623,51203.10046,293788.4091,36143.38488,52491.12439,71177.93285,5235.365483,5600.020158,15249.92526,3052.436505,54271.54657,36931.68862,13634.98441
31/05/2025,353511.5889,10242.01453,43434.38568,12866.08296,13369.69151,13074.13096,43118.5395,23844.8289,63540.59084,56255.32073,73766.00333,1006953.386,29713.04771,129537.2982,40121.77632,39657.67643,44074.54136,69927.57388,76958.11966,189351.396,172283.7268,215328.2296,1244840.93,42760.61757,179054.5829,56734.59178,39956.33442,57912.26147,65745.81388,88751.42646,255755.9907,216706.3074,241463.0039,1237458.453,49550.92031,192269.3344,68262.87501,32729.33412,60471.52146,59090.27808,81706.5037,263287.3199,209226.5035,220863.8627,1168423.528,51257.51772,207807.2566,74748.36647,25250.94982,56014.67006,70851.48678,60850.94918,228158.0731,194935.1848,198549.0735,921542.8109,50037.28289,186617.2137,86972.78056,17396.11051,39968.62789,71258.86982,31143.83045,145774.8602,160922.7458,131450.4889,627258.0546,48511.60799,133406.1211,96819.48983,10333.07311,20694.35726,44703.23417,11799.88637,100550.4362,106206.8674,54232.98119,312920.3746,38208.59917,55823.18061,74862.67431,5697.016224,5929.600971,16217.58634,3229.976565,58609.0758,39563.12639,14779.53822
30/06/2025,347129.8943,10102.36873,42760.2417,12592.45755,12729.26503,12802.92392,43013.25528,23223.89005,62526.15573,55162.0552,72217.28108,1012538.3,29670.71914,130396.7223,39932.78351,39640.86507,44259.93724,70138.90229,77524.35183,190218.0065,173932.1682,216823.8435,1256785.395,42913.52516,181013.9317,56713.38301,40053.33536,58420.77308,66072.65823,89672.97486,258928.2524,219107.8335,243888.7279,1250358.48,49739.81459,194433.4819,68301.14853,32644.23713,61051.2086,59505.93323,82666.92663,267280.0272,211527.447,223208.2547,1182270.559,51562.04319,211061.0782,74801.61079,25433.69,56608.3116,71277.36471,61511.20017,232237.9387,197056.636,200720.6855,933254.1596,50327.35617,189752.557,87155.85679,17660.66527,40465.65787,71669.84772,31561.09485,148973.3578,162629.0309,133058.7352,635773.2972,48828.35346,135677.2221,97298.51426,10606.76967,21004.72554,44940.89453,11976.02657,102935.2132,107405.7041,55099.87373,317507.9892,38513.15939,56955.32978,75434.39122,5845.983574,6064.434967,16335.05457,3296.525965,59941.45819,40053.40881,15068.24276
31/07/2025,342450.9311,9990.199745,42208.76546,12399.42137,12566.76898,12537.86187,42880.88036,22666.88108,61589.57717,54360.08531,71250.48978,1021402.228,29736.04282,131866.8521,40010.95876,39745.47136,44414.44183,70354.49035,78290.72392,191897.2702,176305.8217,218780.1546,1275778.351,43370.67218,184042.9433,57215.52286,40427.51321,58997.17957,66611.80412,90987.98262,263284.4811,222901.2756,247938.9768,1271967.977,50375.60518,197973.5146,69016.24329,32998.5545,61830.47439,60363.03177,84113.71049,272614.9277,215394.658,227287.2573,1205818.564,52424.2133,215215.9917,75789.29834,25807.77296,57538.54206,72461.21742,62648.38098,237796.9847,201175.0198,204961.1433,955870.7074,51409.42956,194282.7578,88455.94642,18036.48634,41289.39199,73014.21136,32274.24096,153813.4154,166747.9616,136546.8659,655621.3824,50206.44221,139861.2475,99236.65381,10960.47087,21598.03923,46030.93042,12366.29934,107292.4985,111009.3255,57059.47499,331625.0718,40105.93588,59466.52529,77879.71834,6175.757345,6333.78036,16999.50965,3454.249664,63320.50894,41979.58675,15909.49962
31/08/2025,340268.4429,9918.789858,41970.46158,12288.93291,12434.32154,12397.77541,43061.9454,22570.22013,61189.12793,53935.31517,70501.55296,1033801.962,29891.9511,133416.2984,40351.93475,40059.72958,44914.1036,71202.32303,79649.16623,194056.7274,179263.1688,220996.5588,1298903.061,43857.15933,187658.4567,58057.68841,40923.28411,59915.75874,67617.92403,92777.09531,268135.0741,227813.0541,252147.5664,1296619.104,51051.75496,201960.716,70096.36719,33474.83718,62892.63668,61387.80762,86082.4508,278098.775,220097.9403,231475.8183,1229766.359,53191.26406,219537.5641,76981.49153,26169.1062,58598.29601,73850.87522,64147.99267,242798.9394,205672.1994,208818.6301,975786.8687,52208.47812,198353.8999,89802.02338,18290.87888,42105.2921,74478.62454,33080.49183,157669.4204,170553.5798,139244.1798,669714.1083,51066.96248,142802.9937,100728.3251,11141.20711,22146.10825,47241.90161,12728.89025,109926.6815,113615.8067,58315.23162,339299.5482,40870.75718,60841.1957,79237.51941,6280.725309,6539.094379,17686.52591,3576.392296,64865.73876,43059.18584,16342.41346
30/09/2025,343204.5243,9997.519231,42200.9923,12375.69772,12533.76471,12455.06902,43604.428,22515.96934,62082.80231,54469.41853,70968.86314,1058235.05,30406.94988,136497.4517,41031.53355,40682.63408,45706.24854,72336.03403,81727.55715,199476.9926,184090.8164,226278.8316,1337882.409,44924.24151,192853.8731,59412.63079,41868.46849,61388.83361,69029.34625,95540.58801,277636.3495,235109.126,260118.9516,1338078.893,52400.62762,207944.8749,71761.70108,34387.35792,64547.97654,63083.70977,88887.68482,288489.9968,227316.8663,239258.0976,1272166.965,54794.88142,226454.9107,79086.796,26976.40163,60291.62375,76202.66827,66416.69655,252582.8785,212960.4474,216399.6606,1013595.739,54071.94905,205361.3993,92549.18697,18962.40078,43462.29056,77036.93938,34440.55073,165290.8926,177496.5692,144923.5609,700180.9454,53303.04413,148737.2516,104345.0477,11683.73524,23003.82421,49183.3817,13380.52309,116126.8415,119140.3801,61276.9162,359163.6418,43182.80284,64043.78802,83143.72805,6712.357996,6909.086815,18737.89097,3813.973311,69421.21441,45752.40819,17446.39119
